,true_labels,predicted_labels
13514,4,4
6409,4,4
5096,2,4
11361,4,4
5053,2,4
10865,4,4
18376,9,4
14159,4,4
12849,4,4
13850,4,4
20738,16,4
17253,9,1
21213,18,4
16242,8,1
9284,4,4
3165,1,1
6887,4,4
8124,4,4
2195,1,1
22895,23,4
12706,4,4
15142,4,4
10366,4,4
21581,20,4
21680,20,1
7944,4,4
5219,2,4
12981,4,4
16324,8,1
7861,4,4
11393,4,4
12526,4,4
280,0,4
11193,4,4
14483,4,4
21817,20,4
16520,8,4
3689,1,1
22653,23,4
6223,3,4
2061,1,4
10984,4,4
4771,2,4
13775,4,4
12571,4,4
12366,4,4
3027,1,1
2173,1,4
8099,4,4
11305,4,4
13208,4,4
1765,1,1
3778,1,4
22772,23,4
1475,1,4
12131,4,4
11335,4,4
13190,4,4
23799,25,4
22670,23,4
8813,4,4
5975,2,4
23336,25,4
13027,4,4
19908,13,4
12111,4,4
199,0,4
15355,4,4
13764,4,4
11893,4,4
22541,23,1
14163,4,4
19068,11,4
283,0,4
3799,1,4
7779,4,4
9477,4,4
22404,22,4
10658,4,4
1580,1,4
16668,8,1
10185,4,4
16718,8,4
21152,18,4
13633,4,4
18660,10,4
18868,10,4
2602,1,1
13831,4,4
819,1,4
13462,4,4
17016,8,4
11961,4,4
19879,13,4
1456,1,4
12277,4,4
16318,8,1
4057,2,4
6508,4,4
18267,9,4
14134,4,4
10579,4,4
24055,25,4
23168,24,4
15322,4,4
1422,1,4
23568,25,4
13864,4,4
7072,4,4
5407,2,4
22593,23,4
14925,4,4
6400,4,4
7911,4,4
18316,9,4
10843,4,4
18292,9,1
23475,25,4
22236,22,4
5589,2,4
9338,4,4
18665,10,4
2434,1,4
3494,1,1
10034,4,4
19000,10,4
19172,11,4
18177,9,4
8973,4,4
18363,9,1
16146,8,4
4844,2,2
4384,2,4
20292,14,4
2009,1,4
18110,9,1
6844,4,4
10342,4,4
4275,2,4
18941,10,4
9809,4,4
4564,2,4
10495,4,4
16813,8,4
7375,4,4
14440,4,4
16511,8,4
7907,4,4
1113,1,4
12331,4,4
14874,4,4
4306,2,4
21557,20,1
18956,10,4
17013,8,4
11566,4,4
24151,26,4
9642,4,4
15027,4,4
6384,4,4
14470,4,4
19451,12,4
5114,2,4
10092,4,4
20226,13,4
17863,9,4
7307,4,4
16677,8,4
18830,10,4
147,0,4
11960,4,4
11892,4,4
428,1,4
19808,13,4
15159,4,4
11288,4,4
14885,4,4
21745,20,1
13371,4,4
16660,8,4
5100,2,4
23543,25,4
10144,4,4
3752,1,1
6612,4,4
14518,4,4
22225,22,4
7100,4,4
4630,2,4
681,1,4
6649,4,4
22119,21,4
23865,25,4
8769,4,4
18212,9,4
22839,23,4
5721,2,4
1190,1,4
8482,4,4
3658,1,4
21143,18,4
10189,4,4
15456,7,4
1122,1,4
3169,1,4
23777,25,4
9172,4,4
22655,23,4
10491,4,4
21997,21,1
17257,9,4
15583,7,4
12301,4,4
4821,2,4
7220,4,4
3402,1,4
18371,9,4
21064,18,4
14272,4,4
14073,4,4
19081,11,4
1045,1,4
16519,8,4
23655,25,4
12372,4,4
8760,4,4
23401,25,4
17411,9,4
12218,4,4
5211,2,4
2687,1,4
16863,8,4
4125,2,4
16190,8,4
20004,13,4
24124,25,4
17114,9,4
21304,20,4
20146,13,1
21189,18,4
12315,4,4
6775,4,4
2647,1,1
18674,10,4
14664,4,4
19762,13,4
2208,1,4
7729,4,4
423,1,1
19041,10,4
19227,11,4
18142,9,4
3172,1,1
20364,14,4
9138,4,4
10431,4,4
520,1,4
21057,18,4
15412,7,4
21292,20,4
19534,12,4
970,1,4
22455,22,4
14170,4,4
17861,9,4
10210,4,4
22770,23,4
8985,4,4
11290,4,4
21846,20,4
5815,2,4
4991,2,4
19325,11,4
23856,25,4
8541,4,4
15874,7,1
9871,4,4
6515,4,4
10192,4,4
14856,4,4
20033,13,4
2145,1,1
15771,7,4
4510,2,4
13294,4,4
23760,25,4
15571,7,4
10354,4,4
22309,22,1
23435,25,4
5144,2,4
19872,13,4
23514,25,4
22121,21,4
24016,25,4
11217,4,4
21287,20,4
8696,4,4
21236,19,4
15626,7,1
14667,4,4
6913,4,4
23872,25,4
10569,4,4
9520,4,4
19682,13,4
12633,4,4
20066,13,4
4417,2,4
250,0,4
19482,12,4
20579,15,4
6535,4,4
12836,4,4
23835,25,4
14533,4,4
16628,8,4
52,0,4
17213,9,4
4202,2,4
18867,10,4
18958,10,4
11051,4,4
12830,4,4
19188,11,4
17619,9,4
1873,1,4
8937,4,4
22432,22,1
1063,1,1
2505,1,1
13501,4,4
5528,2,4
16297,8,4
16291,8,4
8364,4,4
11342,4,4
6503,4,4
15277,4,4
9320,4,4
16635,8,4
3113,1,4
6134,3,4
4874,2,4
7811,4,4
10168,4,4
16437,8,4
5446,2,4
22308,22,4
9356,4,4
14253,4,4
16815,8,4
12049,4,4
18695,10,4
11997,4,4
6619,4,4
536,1,1
15003,4,4
17598,9,4
19034,10,4
3318,1,1
17238,9,4
18328,9,4
9263,4,4
17360,9,4
22846,23,4
21205,18,4
9295,4,4
16819,8,4
23706,25,4
12110,4,4
5593,2,4
4645,2,4
19158,11,4
23662,25,4
19878,13,4
4219,2,4
8878,4,4
23929,25,4
18325,9,4
7477,4,4
3000,1,4
21090,18,4
23035,24,4
19244,11,4
21794,20,4
17117,9,4
14960,4,4
13870,4,4
18076,9,4
7259,4,4
1644,1,4
7268,4,4
8687,4,4
22139,21,4
20092,13,4
6712,4,4
4290,2,4
21781,20,4
17528,9,4
8395,4,4
23715,25,4
2209,1,4
15495,7,4
7932,4,4
10673,4,4
928,1,1
22106,21,4
18912,10,4
18175,9,4
22730,23,4
2766,1,1
4605,2,4
2435,1,4
21316,20,4
2635,1,4
10422,4,4
20305,14,4
3702,1,1
22500,22,4
15962,7,4
21106,18,4
5665,2,4
5627,2,4
8704,4,4
4679,2,4
4936,2,4
9989,4,4
3884,1,1
3843,1,1
19302,11,4
13935,4,4
16951,8,4
23954,25,4
8731,4,4
6687,4,4
5351,2,4
5848,2,4
23970,25,4
8969,4,4
3418,1,4
10772,4,4
11356,4,4
11497,4,4
18013,9,4
10667,4,4
13888,4,4
8799,4,4
20483,15,4
17067,8,4
9849,4,4
22508,22,4
10918,4,4
17705,9,4
4404,2,4
10389,4,4
17947,9,4
10126,4,4
15040,4,4
11583,4,4
3780,1,4
19445,12,4
8487,4,4
22135,21,4
18700,10,1
7466,4,4
13340,4,4
15260,4,4
2004,1,1
16953,8,4
10266,4,4
8972,4,4
2166,1,4
5187,2,4
5437,2,4
1603,1,1
19460,12,4
1747,1,4
12010,4,4
16020,7,4
2559,1,1
5071,2,4
16387,8,4
8238,4,4
21519,20,4
8137,4,4
15970,7,4
3226,1,1
11012,4,4
8449,4,4
11458,4,4
19537,12,4
14115,4,4
7576,4,4
9325,4,4
16564,8,4
1346,1,4
516,1,1
18053,9,4
17897,9,4
10710,4,4
3448,1,4
21957,20,4
3578,1,1
20363,14,4
18633,10,4
23819,25,4
5148,2,4
7228,4,4
9237,4,4
5705,2,4
22585,23,4
1661,1,1
15073,4,4
6504,4,4
13316,4,4
6481,4,4
11666,4,4
4720,2,4
3125,1,4
17699,9,1
11802,4,4
4894,2,4
13133,4,4
2265,1,4
18261,9,4
21146,18,4
16162,8,4
3616,1,4
1457,1,1
16543,8,4
23840,25,4
6678,4,4
15342,4,4
3362,1,4
12691,4,4
4851,2,4
2714,1,4
127,0,4
10597,4,4
15447,7,4
15797,7,4
14881,4,4
9226,4,4
12346,4,4
20357,14,4
21259,20,4
12194,4,4
13505,4,4
6685,4,4
12637,4,4
8939,4,4
9992,4,4
1512,1,4
3813,1,4
19747,13,4
14576,4,4
14102,4,4
221,0,4
21346,20,4
8576,4,4
19716,13,4
14068,4,4
21165,18,4
22502,22,1
2812,1,4
503,1,1
6315,3,4
21811,20,4
6354,4,4
15199,4,4
16475,8,4
1056,1,1
9136,4,4
17092,8,4
8977,4,4
9698,4,4
640,1,1
8654,4,4
3979,2,4
2874,1,4
8423,4,4
17001,8,4
6366,4,4
11066,4,4
11502,4,4
20502,15,4
18848,10,4
17866,9,1
20511,15,4
2595,1,1
6438,4,4
11503,4,4
22291,22,4
20436,15,4
12908,4,4
2698,1,4
14937,4,4
2266,1,1
9253,4,4
16417,8,4
18999,10,4
11063,4,4
4336,2,4
22468,22,4
20521,15,4
18334,9,4
3694,1,4
22047,21,4
15071,4,4
16569,8,4
21171,18,4
3876,1,4
22637,23,4
11443,4,4
18423,9,4
11259,4,4
13243,4,4
1201,1,4
16147,8,4
3745,1,1
18218,9,1
6657,4,4
8239,4,4
12593,4,4
8008,4,4
8639,4,4
6653,4,4
1052,1,4
24044,25,4
14659,4,4
11189,4,4
8929,4,4
2214,1,1
6252,3,4
3639,1,4
18107,9,1
13563,4,4
13337,4,4
17552,9,4
15180,4,4
10806,4,4
9645,4,4
8220,4,4
12698,4,4
4347,2,4
17985,9,4
5227,2,4
4160,2,4
1713,1,4
22615,23,4
15593,7,4
17128,9,4
8779,4,4
18043,9,4
13915,4,4
7290,4,4
3703,1,4
9161,4,4
3256,1,4
17423,9,4
21746,20,4
10818,4,4
13185,4,4
13536,4,4
23921,25,4
19573,12,4
6602,4,4
6925,4,4
18768,10,1
19628,13,4
8504,4,4
21032,17,4
10911,4,4
13402,4,4
7497,4,4
13538,4,4
5846,2,4
3734,1,1
2533,1,1
19146,11,4
11346,4,4
3210,1,4
8059,4,4
13696,4,4
22492,22,1
19506,12,4
7886,4,4
4751,2,4
22727,23,4
19822,13,4
210,0,4
23883,25,4
23248,24,4
11031,4,4
20814,17,4
21553,20,4
19324,11,4
5508,2,2
12341,4,4
4372,2,4
10907,4,4
18282,9,9
4043,2,4
18408,9,4
1202,1,4
15709,7,4
15421,7,4
18592,10,4
3070,1,1
7552,4,4
17252,9,1
16415,8,4
649,1,1
1599,1,4
19644,13,4
8685,4,4
22607,23,4
4309,2,4
10193,4,4
5094,2,4
3381,1,1
11287,4,4
1493,1,1
19354,11,4
7451,4,4
21666,20,4
17754,9,4
3974,2,4
16407,8,1
11809,4,4
12547,4,4
23360,25,4
3503,1,4
9822,4,4
3784,1,4
20449,15,4
1087,1,4
2140,1,4
5070,2,4
13420,4,4
7808,4,4
10397,4,4
19883,13,4
8882,4,4
24007,25,4
23223,24,4
501,1,1
3662,1,4
3100,1,1
6628,4,4
2638,1,4
17544,9,4
22878,23,4
19737,13,4
2264,1,4
22013,21,4
18896,10,4
10404,4,4
11223,4,4
134,0,4
12440,4,4
8394,4,4
13218,4,4
22351,22,4
6316,3,4
12694,4,4
3394,1,1
12073,4,4
6039,3,4
19328,11,4
4037,2,4
2727,1,4
12133,4,4
2388,1,1
8214,4,4
22717,23,4
10499,4,4
9704,4,4
12551,4,4
9767,4,4
2412,1,4
7486,4,4
12421,4,4
14433,4,4
2641,1,1
10934,4,4
6871,4,4
17687,9,4
15353,4,4
13700,4,4
23231,24,4
15460,7,4
8198,4,4
3519,1,4
963,1,1
7473,4,4
8079,4,4
4273,2,4
14957,4,4
12068,4,4
8742,4,4
10016,4,4
2300,1,4
18690,10,4
5377,2,4
15664,7,1
10182,4,4
13785,4,4
2476,1,1
17314,9,4
23452,25,4
8766,4,4
22879,23,4
16027,7,1
13227,4,4
16302,8,4
21126,18,4
20069,13,4
20843,17,4
10300,4,4
3958,2,4
20731,16,4
447,1,1
19852,13,4
2947,1,4
4194,2,4
16707,8,4
18879,10,4
17941,9,4
17689,9,4
3383,1,1
8058,4,4
19672,13,4
2111,1,4
11481,4,4
14001,4,4
16539,8,1
2751,1,1
11660,4,4
10029,4,4
13118,4,4
21153,18,4
2579,1,4
4774,2,4
748,1,4
2201,1,4
5286,2,4
18035,9,4
19632,13,4
21441,20,4
15018,4,4
19410,12,4
6769,4,4
12042,4,4
9888,4,4
12505,4,4
22588,23,4
22531,23,4
6434,4,4
4282,2,4
6332,3,4
23784,25,4
11251,4,4
20550,15,4
18436,9,4
167,0,4
3142,1,4
8319,4,4
2859,1,1
15643,7,4
19613,13,4
4449,2,4
16987,8,4
11635,4,4
12794,4,4
10987,4,4
6433,4,4
1108,1,1
23880,25,4
9561,4,4
247,0,4
15268,4,4
21676,20,4
14780,4,4
14697,4,4
9485,4,4
16338,8,4
16235,8,4
3901,1,4
22893,23,4
13678,4,4
16305,8,1
24023,25,4
22672,23,4
9748,4,4
23030,24,4
13083,4,4
4984,2,4
5076,2,4
21067,18,4
8413,4,4
10461,4,4
5198,2,4
8454,4,4
20418,15,4
9112,4,4
19402,12,4
22428,22,4
18492,10,4
6404,4,4
8426,4,4
11588,4,4
4871,2,4
19079,11,4
12423,4,4
10952,4,4
8902,4,4
21982,20,4
15624,7,4
1921,1,1
180,0,4
16416,8,4
9740,4,4
20032,13,4
10671,4,4
19641,13,4
23798,25,4
16440,8,4
4550,2,4
3277,1,1
12619,4,4
5500,2,4
469,1,1
23985,25,4
23270,25,4
14975,4,4
2136,1,4
259,0,4
2359,1,1
1530,1,1
16983,8,4
23995,25,4
13996,4,4
11844,4,4
21186,18,4
16249,8,4
23164,24,4
17834,9,4
15659,7,4
7841,4,4
11937,4,4
7946,4,4
10727,4,4
17391,9,4
9093,4,4
2308,1,1
16694,8,4
17977,9,1
1632,1,4
18248,9,4
21477,20,4
2229,1,1
4472,2,4
23477,25,4
22369,22,4
17395,9,4
11677,4,4
19332,11,4
19898,13,4
18187,9,4
2232,1,4
23700,25,4
17662,9,4
17671,9,4
943,1,4
23315,25,4
5787,2,4
10463,4,4
12281,4,4
11451,4,4
24048,25,4
14432,4,4
20755,16,4
7397,4,4
1114,1,4
23086,24,4
18998,10,4
10427,4,4
6178,3,4
10784,4,4
12032,4,4
16942,8,4
2764,1,1
13570,4,4
13162,4,4
21462,20,4
13698,4,4
10359,4,4
4949,2,4
1743,1,4
1009,1,1
13049,4,4
18969,10,4
2862,1,4
635,1,4
16944,8,4
21583,20,4
7698,4,4
20513,15,4
23148,24,4
1729,1,1
16466,8,4
8229,4,4
4639,2,4
4252,2,4
3502,1,4
8406,4,4
9202,4,4
3315,1,4
4148,2,4
13410,4,4
6289,3,4
23707,25,4
16358,8,4
21114,18,4
19947,13,4
5857,2,4
23812,25,4
19823,13,4
10993,4,4
6215,3,4
7591,4,4
19843,13,4
6206,3,4
29,0,4
23031,24,4
18315,9,1
6084,3,4
15953,7,4
11581,4,4
5561,2,4
22954,24,4
2813,1,1
8114,4,4
9252,4,4
4966,2,4
960,1,4
984,1,1
1227,1,4
21540,20,4
9129,4,4
6379,4,4
20867,17,4
20519,15,4
23550,25,4
2508,1,4
2645,1,4
2141,1,1
24006,25,4
19861,13,4
22659,23,4
3482,1,1
19400,12,4
17136,9,4
20617,15,4
12958,4,4
20891,17,1
12169,4,4
4556,2,4
1474,1,4
10121,4,4
9994,4,4
7178,4,4
20152,13,4
5653,2,4
18870,10,4
19038,10,4
8610,4,4
12361,4,4
13345,4,4
5038,2,4
3108,1,4
4982,2,4
10477,4,4
11783,4,4
2055,1,1
17224,9,4
1483,1,4
4767,2,4
7221,4,4
4706,2,4
16465,8,4
20597,15,4
18981,10,4
14748,4,4
9905,4,4
5194,2,4
6885,4,4
6688,4,4
18563,10,4
22442,22,4
12865,4,4
24115,25,4
3328,1,4
22803,23,4
15012,4,4
696,1,1
4305,2,4
11776,4,4
21801,20,4
16629,8,4
367,0,4
150,0,4
21335,20,4
14673,4,4
20330,14,4
21952,20,4
20353,14,4
6700,4,4
17682,9,4
8054,4,4
23621,25,4
17329,9,4
2290,1,4
13102,4,4
4068,2,4
3507,1,4
22679,23,4
7916,4,4
13498,4,4
2270,1,4
19884,13,4
3571,1,1
10810,4,4
12539,4,4
14018,4,4
20832,17,4
2554,1,1
16139,8,1
20578,15,4
1710,1,4
11450,4,4
4397,2,4
19959,13,4
5954,2,4
23290,25,4
15039,4,4
15182,4,4
1642,1,1
16847,8,4
12599,4,4
6517,4,4
5201,2,4
3922,2,4
16597,8,4
1339,1,4
15910,7,4
4235,2,2
4685,2,4
17691,9,1
3686,1,4
2449,1,1
23176,24,4
4420,2,4
17812,9,4
19371,11,4
9421,4,4
7885,4,4
7786,4,4
6448,4,4
4246,2,4
22460,22,4
7298,4,4
20992,17,4
14524,4,4
16737,8,4
14773,4,4
6842,4,4
21396,20,4
16657,8,1
6181,3,4
315,0,4
12724,4,4
9431,4,4
208,0,4
20647,15,4
16059,7,4
23830,25,4
10158,4,4
8223,4,4
23277,25,4
12507,4,4
17922,9,4
8331,4,4
14071,4,4
9366,4,4
13531,4,4
3585,1,4
1635,1,4
21821,20,4
21184,18,4
1808,1,4
10545,4,4
8213,4,4
9279,4,4
15726,7,4
3396,1,4
15832,7,4
5940,2,4
10312,4,4
11605,4,4
1246,1,4
2898,1,4
19030,10,4
12681,4,4
7656,4,4
10950,4,4
13646,4,4
20280,14,4
18746,10,4
17869,9,4
11909,4,4
20492,15,4
10163,4,4
3286,1,1
3111,1,4
1383,1,4
19535,12,4
6290,3,4
21890,20,4
16275,8,4
22008,21,4
17842,9,1
3393,1,1
9402,4,4
14887,4,4
13885,4,4
7256,4,4
10678,4,4
12747,4,4
19080,11,4
18764,10,4
17259,9,4
12826,4,4
21885,20,4
19196,11,4
11554,4,4
23306,25,4
21741,20,4
14649,4,4
6974,4,4
15637,7,4
23992,25,4
9038,4,4
13902,4,4
12753,4,4
5472,2,4
15554,7,1
7346,4,4
18901,10,4
14032,4,4
22295,22,4
16934,8,4
5792,2,4
21402,20,4
21517,20,4
18434,9,4
12932,4,4
6417,4,4
7922,4,4
22336,22,4
13697,4,4
18476,10,4
8018,4,4
14181,4,4
13657,4,4
13805,4,4
21552,20,4
23501,25,4
18577,10,4
17188,9,4
16169,8,4
14238,4,4
6562,4,4
5418,2,4
15318,4,4
22278,22,4
1510,1,4
5771,2,4
10011,4,4
911,1,1
22743,23,4
4405,2,4
459,1,1
14101,4,4
21324,20,4
15000,4,4
16325,8,4
17935,9,4
6148,3,4
6624,4,4
19473,12,4
4388,2,4
3964,2,4
16293,8,4
11379,4,4
4794,2,4
12147,4,4
5638,2,4
24017,25,4
5217,2,4
1427,1,4
15550,7,4
971,1,4
20973,17,4
9084,4,4
7985,4,4
4097,2,4
12887,4,4
21160,18,4
5128,2,4
14866,4,4
23531,25,4
15925,7,4
3053,1,4
323,0,4
13075,4,4
19195,11,4
21738,20,4
9162,4,4
9820,4,4
6808,4,4
12893,4,4
2171,1,4
9774,4,4
14739,4,4
23169,24,4
20615,15,4
22038,21,4
16399,8,4
11402,4,4
22050,21,4
15724,7,4
2254,1,4
3690,1,1
10444,4,4
11103,4,4
4591,2,4
19845,13,4
11072,4,4
13302,4,4
11272,4,4
2740,1,1
15951,7,4
2734,1,4
20206,13,4
6137,3,4
10296,4,4
16197,8,1
10705,4,4
12844,4,4
3559,1,4
12998,4,4
16271,8,4
5683,2,4
22999,24,1
21054,18,4
23647,25,4
19394,12,4
17339,9,4
22267,22,4
2168,1,4
18429,9,4
24042,25,4
19419,12,4
22057,21,4
3806,1,4
20422,15,4
18790,10,4
13578,4,4
2561,1,4
828,1,4
20849,17,4
15437,7,4
20460,15,4
8450,4,4
466,1,4
19524,12,1
22538,23,4
13955,4,4
17390,9,1
6951,4,4
11448,4,4
16107,7,4
5564,2,4
10108,4,4
15542,7,4
6225,3,4
14601,4,4
21027,17,4
11952,4,4
19179,11,4
21382,20,4
1147,1,4
6491,4,4
9999,4,4
13249,4,4
7722,4,4
21527,20,4
19409,12,4
5929,2,4
3993,2,4
7468,4,4
17856,9,4
2851,1,4
7191,4,4
22292,22,4
16007,7,4
3222,1,4
22834,23,4
1398,1,4
15333,4,4
10830,4,4
18893,10,4
16423,8,4
5042,2,4
16593,8,4
1192,1,1
9468,4,4
13768,4,4
8161,4,4
6874,4,4
9406,4,4
5548,2,4
4903,2,4
3704,1,1
18836,10,4
7606,4,4
18575,10,4
9458,4,4
13602,4,4
11449,4,4
6770,4,4
15939,7,4
18240,9,4
18382,9,4
5050,2,4
9710,4,4
22328,22,4
19032,10,1
18808,10,4
16882,8,4
996,1,1
18496,10,4
3047,1,4
3995,2,4
11732,4,4
16525,8,4
23838,25,4
24202,26,4
16949,8,4
8918,4,4
2789,1,4
22005,21,4
6463,4,4
5532,2,4
2707,1,4
23512,25,4
20158,13,4
20696,16,4
512,1,1
6648,4,4
23581,25,4
5068,2,4
19230,11,4
21249,19,4
5284,2,4
866,1,1
3288,1,1
18016,9,4
22564,23,4
14381,4,4
17827,9,4
10581,4,4
5140,2,4
22809,23,4
10407,4,4
12053,4,4
24205,26,4
15119,4,4
17896,9,1
1336,1,1
11316,4,4
5045,2,4
2710,1,4
18143,9,4
7300,4,4
17614,9,1
7582,4,4
10069,4,4
9892,4,4
3699,1,4
19536,12,4
23462,25,4
6759,4,4
21086,18,4
18543,10,1
7908,4,4
341,0,4
20322,14,4
1675,1,4
20549,15,4
1350,1,4
6892,4,4
20946,17,4
1818,1,1
2683,1,4
18162,9,4
5225,2,4
1940,1,1
10855,4,4
9532,4,4
9831,4,4
17803,9,4
17962,9,1
3706,1,4
2534,1,1
10276,4,4
4178,2,4
17040,8,4
17428,9,4
9526,4,4
4265,2,4
7613,4,4
12477,4,4
14349,4,4
5345,2,4
11679,4,4
17816,9,4
13219,4,4
19240,11,4
11654,4,4
2041,1,4
22082,21,4
6072,3,4
7563,4,4
13139,4,4
22286,22,4
17470,9,1
6599,4,4
13905,4,4
12406,4,4
9913,4,4
3834,1,1
1889,1,1
17745,9,1
2937,1,4
5746,2,2
3246,1,1
11026,4,4
1027,1,1
2772,1,4
13488,4,4
14540,4,4
21971,20,4
17003,8,4
3189,1,1
16382,8,4
22552,23,4
6407,4,4
20658,15,4
7654,4,4
23227,24,4
312,0,4
16793,8,4
19800,13,4
9681,4,4
3847,1,4
18754,10,4
19058,11,4
20487,15,4
6878,4,4
17230,9,4
278,0,4
14737,4,4
9100,4,4
17031,8,4
5043,2,4
7278,4,4
18907,10,4
18041,9,4
5048,2,2
13061,4,4
10522,4,4
18775,10,4
22853,23,4
2299,1,4
1131,1,4
217,0,4
6904,4,4
11472,4,4
12917,4,4
373,0,4
10961,4,4
5533,2,4
1822,1,1
6405,4,4
21599,20,4
10018,4,4
7303,4,4
18480,10,4
24203,26,4
22117,21,4
23478,25,4
18558,10,4
4159,2,4
3840,1,1
12425,4,4
1418,1,4
7969,4,4
22414,22,4
9276,4,4
20945,17,1
10384,4,4
22909,23,4
3789,1,1
1595,1,4
9014,4,4
6909,4,4
16384,8,4
16398,8,4
12660,4,4
7539,4,4
4600,2,4
23569,25,4
4226,2,2
14000,4,4
1092,1,4
5570,2,4
4424,2,4
3953,2,2
9300,4,4
20338,14,4
15239,4,4
7095,4,4
1503,1,4
1554,1,1
23915,25,4
22392,22,4
13820,4,4
13018,4,4
21258,20,4
119,0,4
14047,4,4
13999,4,4
21099,18,4
21474,20,1
19763,13,4
20262,13,4
10117,4,4
10137,4,4
16248,8,4
7070,4,4
12022,4,4
20972,17,4
4469,2,4
17189,9,4
19946,13,4
19273,11,4
20565,15,4
18839,10,4
21142,18,4
9652,4,4
21598,20,4
3341,1,4
9909,4,4
6062,3,4
7661,4,4
18885,10,4
2152,1,1
17158,9,4
6003,2,4
9003,4,4
19140,11,4
9912,4,4
8739,4,4
30,0,4
16620,8,4
23434,25,4
22886,23,4
7335,4,4
18464,9,4
13687,4,4
23208,24,1
936,1,4
23017,24,4
547,1,4
13814,4,4
16192,8,4
20311,14,4
5843,2,4
3254,1,4
15026,4,4
10140,4,4
12692,4,4
15320,4,4
14185,4,4
18954,10,4
3230,1,1
16592,8,4
2724,1,4
20554,15,4
1680,1,1
12976,4,4
18424,9,4
21838,20,4
7428,4,4
15212,4,4
14689,4,4
13040,4,4
13271,4,4
12543,4,4
10513,4,4
16823,8,4
9165,4,4
22681,23,4
2842,1,1
1962,1,4
21175,18,4
10419,4,4
11213,4,4
1684,1,1
1968,1,4
3002,1,1
21404,20,1
16909,8,4
23506,25,4
11315,4,4
20469,15,4
8466,4,4
12117,4,4
23339,25,4
10125,4,4
16582,8,4
3223,1,1
3366,1,4
9512,4,4
10042,4,4
14662,4,4
23357,25,4
5535,2,4
22331,22,4
5214,2,4
9459,4,4
8103,4,4
18967,10,4
21266,20,4
683,1,4
664,1,4
22935,24,4
3181,1,1
13427,4,4
6234,3,4
15594,7,4
9737,4,4
6527,4,4
17226,9,4
12058,4,4
3369,1,1
23811,25,4
18065,9,1
16996,8,4
13899,4,4
15363,4,4
18627,10,4
18224,9,4
21978,20,4
15655,7,4
563,1,4
11573,4,4
6077,3,4
16102,7,1
17151,9,4
20671,15,4
10765,4,4
23906,25,4
2222,1,4
7285,4,4
20355,14,4
2797,1,1
23402,25,4
2119,1,4
12184,4,4
9948,4,4
9538,4,4
12034,4,4
16231,8,4
20088,13,4
326,0,4
3268,1,1
19568,12,4
5719,2,4
14778,4,4
7139,4,4
8091,4,4
13609,4,4
20412,15,4
13217,4,4
12245,4,4
11840,4,4
688,1,4
13692,4,4
8805,4,4
3735,1,1
12535,4,4
15869,7,4
16115,7,4
15668,7,4
10459,4,4
4843,2,4
15767,7,4
6024,2,4
6650,4,4
718,1,1
18927,10,4
10990,4,4
15719,7,4
12859,4,4
2420,1,1
655,1,4
7356,4,4
7185,4,4
13449,4,4
7304,4,4
22838,23,4
13042,4,4
6964,4,4
18208,9,4
22133,21,4
3673,1,1
11890,4,4
23618,25,4
14654,4,4
14927,4,4
10128,4,4
13153,4,4
19308,11,4
11291,4,4
21590,20,4
3635,1,1
10205,4,4
18386,9,4
5601,2,4
6864,4,4
22576,23,4
12521,4,4
9606,4,4
8409,4,4
17591,9,4
1433,1,4
35,0,4
23195,24,4
8295,4,4
11127,4,4
16292,8,4
4972,2,4
23779,25,4
2518,1,1
11902,4,4
15326,4,4
13206,4,4
19160,11,4
13643,4,4
7553,4,4
18759,10,4
14869,4,4
5018,2,4
7431,4,4
15591,7,1
9426,4,4
8886,4,4
742,1,4
5379,2,4
10249,4,4
2361,1,1
19981,13,4
34,0,4
24066,25,4
23171,24,1
6549,4,4
8570,4,4
21284,20,4
18388,9,1
4189,2,4
1393,1,1
23074,24,4
17349,9,4
23699,25,4
17150,9,4
1288,1,4
2904,1,4
5982,2,4
19290,11,4
7270,4,4
22611,23,4
7198,4,4
20063,13,4
10761,4,4
18083,9,4
11293,4,4
21610,20,4
2830,1,1
4667,2,4
1569,1,1
1527,1,1
22137,21,4
12134,4,4
9568,4,4
15846,7,4
20424,15,4
5859,2,4
19688,13,4
15075,4,4
12738,4,4
23991,25,4
11895,4,4
11274,4,4
4165,2,4
22694,23,4
16649,8,4
19821,13,4
24041,25,4
103,0,4
6952,4,4
2386,1,4
5513,2,4
8700,4,4
18982,10,4
11782,4,4
13522,4,4
19505,12,4
2864,1,1
5814,2,4
4085,2,4
23179,24,4
12340,4,4
10241,4,4
4702,2,4
10381,4,4
7936,4,4
23368,25,4
6933,4,4
21891,20,4
16565,8,4
17426,9,4
6660,4,4
12741,4,4
16124,8,4
1215,1,4
4863,2,4
14526,4,4
3643,1,4
10120,4,4
7212,4,4
4258,2,4
23808,25,4
18046,9,4
18899,10,4
2408,1,1
606,1,1
9188,4,4
13044,4,4
8528,4,4
15414,7,4
22131,21,1
18481,10,4
11465,4,4
20763,16,4
6865,4,4
856,1,4
3421,1,4
6969,4,4
13056,4,4
9785,4,4
21766,20,4
10317,4,4
12918,4,4
20723,16,4
3792,1,1
14441,4,4
22528,23,4
7554,4,4
17099,8,4
44,0,4
22897,23,4
12613,4,4
20443,15,4
17792,9,4
7918,4,4
1429,1,4
6888,4,4
15431,7,4
6394,4,4
7555,4,4
9995,4,4
20592,15,4
21166,18,4
16808,8,4
16080,7,4
1297,1,4
585,1,4
8019,4,4
4528,2,4
9351,4,4
23864,25,4
291,0,4
13544,4,4
4688,2,4
2034,1,4
16636,8,4
200,0,1
2084,1,4
23809,25,4
15647,7,4
6455,4,4
10114,4,4
18884,10,4
1606,1,1
17579,9,1
2174,1,4
5657,2,4
16726,8,4
16606,8,4
13235,4,4
6279,3,4
10803,4,4
4115,2,4
19917,13,4
3014,1,1
6381,4,4
18075,9,4
6352,4,4
15044,4,4
20480,15,4
10798,4,4
20600,15,4
18632,10,4
16189,8,4
21326,20,4
15763,7,4
5306,2,4
1366,1,4
7469,4,4
12557,4,4
5512,2,4
18164,9,4
16276,8,4
19785,13,4
3200,1,1
11742,4,4
6415,4,4
10747,4,4
23117,24,4
8029,4,4
4375,2,4
15824,7,4
16962,8,1
8136,4,4
20202,13,4
3522,1,4
21702,20,4
16447,8,4
8178,4,4
13758,4,4
4546,2,4
16570,8,4
16400,8,4
2020,1,4
13377,4,4
905,1,1
18393,9,4
13855,4,4
17137,9,4
69,0,4
12522,4,4
2767,1,4
7438,4,4
13167,4,4
19543,12,4
12293,4,4
16495,8,4
17469,9,4
2043,1,1
13788,4,4
5215,2,4
8971,4,4
18878,10,4
20514,15,4
24029,25,4
13858,4,4
1812,1,4
1788,1,4
383,0,4
8256,4,4
313,0,4
13548,4,4
23424,25,4
4596,2,4
17775,9,4
6726,4,4
3946,2,4
14584,4,4
13573,4,4
5923,2,4
9020,4,4
20442,15,4
11550,4,4
2404,1,4
6729,4,4
2619,1,1
8714,4,4
21629,20,4
16118,7,4
16492,8,4
14091,4,4
1311,1,4
6051,3,4
3547,1,1
4059,2,4
5557,2,4
13618,4,4
2790,1,4
4696,2,4
2342,1,4
11876,4,4
7033,4,4
13526,4,4
10926,4,4
15993,7,4
1182,1,4
20700,16,4
4813,2,4
6703,4,4
14049,4,4
5662,2,4
6577,4,4
22793,23,4
16362,8,1
12343,4,4
8336,4,4
10643,4,4
9489,4,4
19301,11,4
18179,9,4
4149,2,4
17284,9,4
15758,7,4
19372,11,4
18832,10,4
6603,4,4
10127,4,4
10877,4,4
12187,4,4
9000,4,4
2907,1,4
15107,4,4
10868,4,4
13059,4,4
4461,2,4
474,1,1
21479,20,4
17779,9,4
7537,4,4
3455,1,1
7093,4,4
21173,18,4
22987,24,4
7757,4,4
2425,1,4
3492,1,1
898,1,1
3601,1,4
5115,2,4
24167,26,4
9119,4,4
11286,4,4
9427,4,4
10019,4,4
10438,4,4
5925,2,4
3942,2,4
14579,4,4
20204,13,4
8028,4,4
17990,9,4
5900,2,4
14864,4,4
14618,4,4
11897,4,4
3739,1,4
7608,4,4
21029,17,1
14219,4,4
15579,7,1
13889,4,4
12897,4,4
5847,2,4
16757,8,4
22990,24,4
6706,4,4
13028,4,4
21521,20,4
22553,23,4
8081,4,4
21327,20,4
23185,24,1
6235,3,4
12560,4,4
4955,2,4
20334,14,4
3776,1,4
10175,4,4
11007,4,4
16062,7,4
14853,4,4
5019,2,4
5671,2,4
21895,20,4
6020,2,1
4902,2,4
19168,11,4
23141,24,4
380,0,4
980,1,4
15911,7,4
4634,2,4
1880,1,1
3919,2,4
3617,1,4
8377,4,4
7085,4,4
6730,4,4
21181,18,4
13469,4,4
18472,10,4
5324,2,4
7799,4,4
451,1,4
20270,13,4
3023,1,4
10614,4,4
369,0,4
20090,13,4
2516,1,4
17730,9,4
22833,23,4
9229,4,4
1318,1,4
12800,4,4
19352,11,4
15509,7,4
6978,4,4
1412,1,4
21408,20,1
6052,3,4
10162,4,4
17062,8,4
4783,2,4
12759,4,4
57,0,4
21453,20,4
12119,4,4
3308,1,4
12354,4,4
1534,1,4
3441,1,4
23560,25,4
13196,4,4
11773,4,4
21134,18,4
2501,1,1
22724,23,4
5836,2,4
22104,21,4
23827,25,4
4505,2,4
16481,8,4
3429,1,1
13241,4,4
17089,8,4
10226,4,4
14228,4,4
3351,1,4
21308,20,4
24022,25,4
10341,4,4
22866,23,4
322,0,4
15880,7,4
14980,4,4
12135,4,4
1862,1,4
23708,25,4
11571,4,4
6292,3,4
735,1,1
7828,4,4
5654,2,4
4547,2,4
18874,10,4
23887,25,4
8184,4,4
23271,25,4
23752,25,4
22127,21,4
10269,4,4
8255,4,4
15279,4,4
3486,1,4
14756,4,4
6715,4,4
5047,2,4
15527,7,4
19990,13,4
10782,4,4
4031,2,4
13099,4,4
21993,21,4
2884,1,1
18205,9,4
9530,4,4
20917,17,4
1121,1,1
20329,14,4
20489,15,4
7330,4,4
7241,4,4
8158,4,4
18872,10,4
491,1,4
21620,20,4
16180,8,4
385,0,4
8807,4,4
2346,1,4
18600,10,4
16187,8,4
11029,4,4
409,1,1
11977,4,4
1282,1,1
21638,20,4
14510,4,4
16372,8,4
4303,2,4
11145,4,4
11355,4,4
2252,1,4
19681,13,4
18697,10,4
2085,1,1
6308,3,4
19593,13,4
18147,9,4
6497,4,4
3725,1,1
12020,4,4
4824,2,4
15772,7,4
14615,4,4
7858,4,4
14359,4,4
5883,2,4
8679,4,4
10967,4,4
21672,20,4
24021,25,4
20826,17,4
1035,1,4
23458,25,4
19076,11,4
5685,2,4
10842,4,4
5863,2,4
8390,4,4
15006,4,4
22530,23,4
21060,18,4
8126,4,4
21397,20,4
15660,7,4
10104,4,4
15137,4,4
12659,4,4
16155,8,4
23693,25,4
1084,1,4
5621,2,2
9946,4,4
23879,25,4
21725,20,4
6552,4,4
9926,4,4
17475,9,4
2905,1,4
23261,25,4
18983,10,4
12291,4,4
8145,4,4
14941,4,4
11167,4,4
6165,3,4
7267,4,4
14040,4,4
8908,4,4
22882,23,4
13290,4,4
15902,7,4
14961,4,4
7048,4,4
15922,7,4
5199,2,4
9515,4,4
1453,1,1
19274,11,4
19099,11,4
6863,4,4
5474,2,4
6557,4,4
23193,24,4
7794,4,4
668,1,1
21541,20,1
9535,4,4
12490,4,4
3498,1,1
5485,2,4
3525,1,1
13177,4,4
2744,1,4
12566,4,4
23977,25,4
8410,4,4
23447,25,4
2393,1,4
10902,4,4
6663,4,4
13723,4,4
4143,2,4
22174,22,4
17810,9,4
16411,8,4
8832,4,4
3860,1,1
12892,4,4
3877,1,1
457,1,1
1106,1,1
5218,2,4
23244,24,4
4574,2,4
13293,4,4
3588,1,4
16750,8,1
2334,1,4
23213,24,4
16831,8,4
2858,1,1
15555,7,4
17397,9,4
4010,2,2
2583,1,4
22156,21,4
4285,2,4
20149,13,4
10418,4,4
12678,4,4
19257,11,4
3798,1,4
8611,4,4
21298,20,1
4291,2,4
13524,4,4
20346,14,4
19857,13,4
21703,20,4
5099,2,4
12364,4,4
15694,7,1
4877,2,4
8943,4,4
9644,4,4
7231,4,4
3794,1,1
9270,4,4
16164,8,4
7683,4,4
18057,9,4
3609,1,1
9722,4,4
16545,8,4
3211,1,4
16682,8,4
9233,4,4
24113,25,4
5689,2,4
20720,16,4
23933,25,4
8476,4,4
12443,4,4
5550,2,4
5714,2,4
16580,8,4
12850,4,4
15598,7,4
23307,25,4
16182,8,4
21800,20,4
10941,4,4
14097,4,4
15101,4,4
18478,10,4
12511,4,4
12314,4,4
20000,13,4
15017,4,4
22366,22,4
14717,4,4
9760,4,4
7516,4,4
5357,2,4
23740,25,4
20893,17,4
3387,1,1
19309,11,4
16056,7,4
11686,4,4
8845,4,4
4699,2,4
8069,4,4
23922,25,4
13619,4,4
7315,4,1
15471,7,4
21209,18,4
13552,4,4
4742,2,4
10838,4,4
18898,10,1
19049,10,4
23855,25,4
3844,1,1
9504,4,4
13033,4,4
6388,4,4
8094,4,4
12530,4,4
10454,4,4
4973,2,4
14644,4,4
7648,4,4
11509,4,4
20818,17,4
6399,4,4
15658,7,4
18499,10,4
9163,4,4
20803,17,4
18418,9,4
345,0,4
3265,1,1
6631,4,4
13148,4,4
17271,9,9
10885,4,4
1034,1,4
16751,8,4
725,1,4
13347,4,4
12074,4,4
5478,2,4
18281,9,4
16141,8,4
11253,4,4
4563,2,4
2008,1,4
5117,2,4
1640,1,4
8582,4,4
22934,24,1
8318,4,4
4393,2,2
22171,22,1
10519,4,4
21403,20,4
2323,1,4
17729,9,4
4714,2,4
23012,24,1
15419,7,4
11086,4,4
12189,4,4
8602,4,4
1891,1,1
4985,2,4
17354,9,4
5503,2,4
16773,8,4
23671,25,4
4520,2,4
21117,18,4
17504,9,4
8164,4,4
21963,20,4
10194,4,4
16310,8,4
23312,25,4
14263,4,4
4479,2,4
3213,1,4
9931,4,4
16970,8,1
23636,25,4
2704,1,4
4203,2,4
616,1,4
13909,4,4
1901,1,4
12709,4,4
408,1,1
13724,4,4
9358,4,4
11235,4,4
6891,4,4
20036,13,4
15782,7,4
531,1,1
10434,4,4
16504,8,4
18993,10,4
14657,4,4
8478,4,4
14193,4,4
22294,22,4
15612,7,4
17103,8,4
10533,4,4
16764,8,4
15021,4,4
13073,4,4
8211,4,4
5728,2,4
8375,4,4
1687,1,4
16723,8,4
175,0,4
2617,1,4
4152,2,4
1441,1,1
9918,4,4
15968,7,4
20166,13,4
13105,4,4
24030,25,4
11517,4,4
2519,1,1
7247,4,4
4170,2,4
18853,10,4
16095,7,4
21332,20,1
22851,23,4
23959,25,4
20637,15,4
1574,1,1
16043,7,4
11913,4,4
18820,10,4
24098,25,4
22769,23,4
14413,4,4
10734,4,4
265,0,4
833,1,4
5971,2,4
19411,12,4
2748,1,4
17531,9,1
23607,25,4
9660,4,4
18317,9,4
3077,1,4
14028,4,4
6528,4,4
9048,4,4
23910,25,4
21349,20,1
12838,4,4
19888,13,4
7850,4,4
20272,13,4
2127,1,1
22685,23,4
7515,4,4
22582,23,4
21678,20,4
6518,4,4
2240,1,4
5252,2,4
14546,4,4
2885,1,4
11813,4,4
21409,20,1
22020,21,1
20300,14,4
1261,1,4
14120,4,4
15425,7,4
23566,25,4
19966,13,4
19939,13,4
16250,8,4
18327,9,4
19139,11,4
10329,4,4
8761,4,4
5210,2,4
13114,4,4
10697,4,4
23763,25,4
4618,2,4
14200,4,4
424,1,4
10669,4,4
4032,2,4
7571,4,4
4110,2,4
22469,22,4
16334,8,1
16637,8,4
17996,9,1
21149,18,4
6424,4,4
812,1,4
24046,25,4
10045,4,4
10957,4,4
3096,1,1
18285,9,4
22279,22,4
16022,7,4
18920,10,4
5102,2,2
945,1,4
7900,4,4
2929,1,4
23698,25,4
18905,10,4
7917,4,4
11622,4,4
3707,1,1
8675,4,4
3035,1,4
2608,1,1
18302,9,4
17407,9,4
3537,1,4
15098,4,4
10777,4,4
15046,4,4
15405,7,4
3073,1,1
4977,2,4
23962,25,4
18101,9,4
5180,2,4
1847,1,4
21131,18,4
4834,2,4
2188,1,4
16903,8,4
18365,9,4
16227,8,4
9658,4,4
3233,1,4
2781,1,1
19311,11,4
12922,4,4
12451,4,4
18623,10,4
12959,4,4
10675,4,4
18018,9,4
12814,4,4
13413,4,4
10398,4,4
17698,9,4
13349,4,4
17052,8,1
17108,8,4
7712,4,4
20185,13,4
10500,4,4
22383,22,4
5466,2,4
15840,7,4
11359,4,4
8248,4,4
1443,1,1
5186,2,4
20984,17,4
4156,2,4
20319,14,4
8242,4,4
6725,4,4
14023,4,4
8830,4,4
5864,2,4
18671,10,4
21698,20,4
3197,1,4
776,1,4
15168,4,4
9653,4,4
8465,4,4
23149,24,4
17652,9,4
19044,10,1
8468,4,4
17487,9,4
1174,1,4
21182,18,4
8758,4,4
19967,13,4
11608,4,4
12252,4,4
14704,4,4
6138,3,4
12382,4,4
3732,1,4
17169,9,4
1197,1,4
7840,4,4
16801,8,4
9068,4,4
19798,13,4
10989,4,4
3921,2,4
4884,2,2
18760,10,1
5098,2,4
17969,9,4
554,1,4
24071,25,4
6682,4,4
11430,4,4
11107,4,4
3110,1,4
18189,9,4
1206,1,4
10504,4,4
4344,2,4
10690,4,4
13363,4,4
11318,4,4
4106,2,4
17328,9,4
16671,8,4
19953,13,4
5811,2,4
21105,18,4
19690,13,4
19021,10,4
7806,4,4
14455,4,4
18250,9,4
20376,14,4
7306,4,4
18235,9,4
8193,4,4
21720,20,4
23146,24,4
1738,1,4
13176,4,4
24183,26,4
46,0,4
23354,25,4
4560,2,4
12358,4,4
2622,1,4
8513,4,4
23748,25,4
6735,4,4
20719,16,4
21147,18,4
15498,7,4
11056,4,4
8066,4,4
15445,7,4
16846,8,4
4003,2,4
21650,20,4
744,1,4
23004,24,4
10199,4,4
14234,4,4
7653,4,4
13784,4,4
21317,20,4
22650,23,4
2715,1,4
2213,1,1
8647,4,4
7109,4,4
3769,1,4
22567,23,4
2165,1,4
18798,10,4
1290,1,1
23714,25,4
11958,4,4
1584,1,4
21586,20,4
19971,13,4
7153,4,4
18761,10,4
3821,1,1
6237,3,4
19849,13,4
16617,8,4
23898,25,4
20824,17,4
3398,1,4
9010,4,4
13445,4,4
4191,2,4
14184,4,4
14740,4,4
16656,8,4
14494,4,4
8147,4,4
11775,4,4
17085,8,4
20433,15,4
8786,4,4
20359,14,4
13862,4,4
2238,1,1
23609,25,4
6916,4,4
14396,4,4
16420,8,4
2571,1,4
1448,1,4
17173,9,4
8623,4,4
21356,20,4
5165,2,4
3566,1,4
14811,4,4
9736,4,4
5473,2,4
880,1,1
20161,13,4
17254,9,4
9841,4,4
7948,4,4
21880,20,4
2676,1,1
4421,2,4
11121,4,4
8188,4,4
1807,1,1
2512,1,4
9977,4,4
12019,4,4
5865,2,4
11403,4,4
10662,4,4
10414,4,4
13494,4,4
11175,4,4
23653,25,4
20151,13,4
10130,4,4
23882,25,4
20991,17,1
9115,4,4
16289,8,4
8518,4,4
20730,16,4
344,0,4
14129,4,4
23783,25,4
16467,8,4
4484,2,4
6186,3,4
15518,7,4
23129,24,4
13954,4,4
22402,22,4
1719,1,4
7051,4,4
8030,4,4
11131,4,4
15299,4,4
6187,3,4
1978,1,1
1704,1,4
1662,1,4
17007,8,4
16050,7,4
4724,2,4
15543,7,4
3068,1,4
9282,4,4
11405,4,4
16304,8,4
16055,7,4
15926,7,4
3971,2,4
4205,2,4
6285,3,4
3848,1,4
17134,9,4
3045,1,4
13151,4,4
1328,1,1
10943,4,4
22098,21,1
23968,25,4
21686,20,1
15394,7,4
3382,1,4
21960,20,4
22597,23,4
17008,8,1
24095,25,4
14066,4,4
22658,23,4
8603,4,4
13887,4,4
12590,4,4
17389,9,1
17198,9,4
6307,3,4
21301,20,4
9796,4,4
21193,18,4
20169,13,4
22421,22,4
11643,4,4
17132,9,4
18928,10,4
20188,13,4
14241,4,4
13816,4,4
3509,1,1
2074,1,1
3422,1,4
24100,25,4
11400,4,4
21619,20,4
17534,9,4
16354,8,4
11476,4,4
11389,4,4
2221,1,1
257,0,4
22631,23,4
2202,1,4
10297,4,4
12163,4,4
16143,8,4
7826,4,4
12650,4,4
15141,4,4
13366,4,4
8492,4,4
13751,4,4
20145,13,4
13943,4,4
17115,9,4
4438,2,4
10094,4,4
14326,4,4
18611,10,4
21623,20,4
484,1,4
23641,25,4
8117,4,4
843,1,4
8225,4,4
8564,4,4
17235,9,1
6097,3,4
15893,7,4
22319,22,4
2527,1,1
20858,17,4
12900,4,4
19078,11,4
15221,4,4
1923,1,4
20959,17,4
22674,23,4
17032,8,4
23822,25,4
11734,4,4
7891,4,4
5511,2,4
6537,4,4
8268,4,4
3470,1,1
4293,2,4
1489,1,1
738,1,1
8880,4,4
16621,8,4
20861,17,4
22434,22,4
17122,9,4
12148,4,4
3302,1,1
7363,4,4
11524,4,4
10935,4,4
23201,24,4
4044,2,4
6847,4,4
5676,2,4
3352,1,1
16897,8,4
334,0,4
21886,20,4
3128,1,4
7488,4,4
20827,17,4
17468,9,4
12326,4,4
18571,10,4
20220,13,4
24125,25,4
15280,4,4
4580,2,4
17240,9,4
6484,4,4
1061,1,1
19881,13,4
8673,4,4
19545,12,4
13174,4,4
15423,7,4
11488,4,4
9618,4,4
13664,4,4
20294,14,4
7474,4,4
1012,1,4
15976,7,4
19751,13,4
3532,1,4
1698,1,1
7782,4,4
2923,1,1
8790,4,4
16498,8,4
14341,4,4
15315,4,4
21124,18,4
22247,22,4
2053,1,1
6069,3,4
23545,25,4
21611,20,4
8278,4,4
9659,4,4
23255,25,4
19401,12,4
2545,1,1
8180,4,4
18341,9,4
101,0,4
19276,11,4
133,0,4
18459,9,4
9303,4,4
10007,4,4
3350,1,1
12434,4,4
9192,4,4
15403,7,4
13551,4,4
4401,2,4
6425,4,4
1943,1,1
17163,9,4
14947,4,4
12081,4,4
23120,24,4
22802,23,4
624,1,4
11504,4,4
6896,4,4
12320,4,4
12538,4,4
23597,25,4
16563,8,4
10212,4,4
15907,7,4
21461,20,4
2012,1,4
23330,25,4
20141,13,4
8658,4,4
4101,2,4
14969,4,4
17126,9,4
3282,1,1
2447,1,1
8822,4,4
6692,4,4
1498,1,1
12276,4,4
19239,11,4
19934,13,4
2733,1,4
20736,16,4
10089,4,4
24061,25,4
1598,1,1
3733,1,4
15769,7,4
9222,4,4
12244,4,4
2485,1,4
3386,1,4
3820,1,4
21354,20,4
12439,4,4
16899,8,4
22459,22,1
10362,4,4
12211,4,4
13642,4,4
7223,4,4
14569,4,4
7131,4,4
9199,4,4
4343,2,4
15231,4,4
9864,4,4
22712,23,4
15473,7,4
2275,1,1
21751,20,4
9349,4,4
3533,1,4
20273,13,4
2245,1,4
16392,8,4
5259,2,4
9375,4,4
20619,15,4
10668,4,4
17666,9,4
14183,4,4
18401,9,1
274,0,4
5354,2,2
23790,25,4
9248,4,4
17798,9,4
23405,25,4
16510,8,4
14264,4,4
1668,1,4
11869,4,4
18025,9,1
8337,4,4
23932,25,4
8345,4,4
18387,9,4
4730,2,4
9792,4,4
16571,8,4
1338,1,4
353,0,4
15866,7,4
13835,4,4
6346,4,4
11269,4,4
22760,23,4
23757,25,4
16784,8,4
9060,4,4
16883,8,1
9712,4,4
10714,4,4
19863,13,4
7585,4,4
13837,4,4
10180,4,4
16961,8,1
8088,4,4
17690,9,4
14370,4,4
4678,2,4
1805,1,4
14081,4,4
8763,4,4
5436,2,4
993,1,1
20634,15,4
19532,12,4
23077,24,1
8843,4,4
23559,25,4
19020,10,4
14048,4,4
14695,4,4
482,1,4
24094,25,4
13454,4,4
6544,4,4
1255,1,4
4579,2,4
2090,1,4
21769,20,4
13473,4,4
12221,4,4
13246,4,4
15102,4,4
15354,4,4
16041,7,4
139,0,4
14742,4,4
15933,7,4
9973,4,4
9397,4,4
14353,4,4
6538,4,4
20920,17,4
3594,1,1
4974,2,4
18348,9,4
5554,2,2
19095,11,4
1827,1,4
10153,4,4
11089,4,4
13438,4,4
16091,7,4
5384,2,4
21423,20,4
7934,4,4
11633,4,4
18086,9,4
23981,25,4
15028,4,4
4740,2,4
11526,4,4
1611,1,4
21291,20,4
5742,2,4
3058,1,4
852,1,4
7747,4,4
15529,7,4
20048,13,4
8300,4,4
3426,1,1
9313,4,4
9997,4,4
3050,1,4
3589,1,1
5504,2,4
18121,9,4
2375,1,1
20752,16,4
17906,9,4
16731,8,1
9298,4,4
14384,4,4
4707,2,4
18538,10,4
22479,22,1
5887,2,4
1405,1,1
21102,18,4
11508,4,4
16820,8,4
6293,3,4
15186,4,4
4739,2,4
18409,9,4
10476,4,4
17183,9,4
20923,17,4
11887,4,4
13093,4,4
1768,1,1
18085,9,4
20933,17,4
14346,4,4
12385,4,4
1243,1,1
4093,2,4
11307,4,4
18433,9,4
12778,4,4
803,1,4
22600,23,4
8828,4,4
22936,24,4
2351,1,4
22176,22,4
2255,1,1
2806,1,4
2681,1,4
13115,4,4
10752,4,4
5575,2,4
9362,4,4
3433,1,4
12727,4,4
19928,13,4
7204,4,4
3463,1,1
19364,11,1
19236,11,4
4140,2,4
8757,4,4
16982,8,4
11993,4,4
2450,1,1
3668,1,1
17,0,4
2604,1,1
14371,4,4
6087,3,4
16101,7,4
1981,1,4
20804,17,4
19969,13,4
5365,2,4
13388,4,4
14733,4,4
20934,17,4
7301,4,4
5514,2,4
12052,4,4
18530,10,4
4950,2,4
16945,8,4
11644,4,4
6561,4,4
15145,4,4
1572,1,4
5732,2,4
22323,22,4
19450,12,4
24142,26,4
21537,20,4
3711,1,4
16185,8,4
8393,4,4
6442,4,4
5001,2,4
8200,4,4
4410,2,4
6482,4,4
21855,20,4
21843,20,4
17804,9,4
7369,4,4
8358,4,4
9668,4,4
16210,8,4
8072,4,4
5505,2,4
6646,4,4
23367,25,4
6932,4,4
1077,1,4
4475,2,4
2153,1,1
14580,4,4
7551,4,4
397,1,4
15085,4,4
3207,1,4
20922,17,4
9201,4,4
9405,4,4
10044,4,4
2150,1,4
21305,20,4
17066,8,4
19246,11,4
15288,4,4
22733,23,4
6625,4,4
23695,25,4
3592,1,4
9412,4,4
2250,1,1
6586,4,4
11972,4,4
2380,1,1
21130,18,4
5331,2,4
12680,4,4
16039,7,4
12626,4,4
11099,4,4
16010,7,4
19776,13,4
14902,4,4
16356,8,4
9750,4,4
7997,4,4
875,1,1
6357,4,4
7201,4,4
20687,16,4
10054,4,4
5862,2,4
18404,9,4
3184,1,4
2467,1,4
23380,25,4
15335,4,4
5711,2,4
2497,1,4
10612,4,4
21607,20,4
15736,7,4
13360,4,4
24135,25,4
19897,13,4
16215,8,4
21003,17,4
17123,9,1
19588,13,4
18321,9,4
575,1,1
6422,4,4
6133,3,4
907,1,4
6919,4,4
346,0,4
10309,4,4
23758,25,4
22843,23,4
16330,8,4
7294,4,4
12387,4,4
13576,4,4
15063,4,4
5784,2,4
12094,4,4
9322,4,4
913,1,1
20293,14,4
11558,4,4
16112,7,4
5802,2,4
7524,4,4
3473,1,4
509,1,4
6550,4,4
9942,4,4
10063,4,4
23073,24,4
8439,4,4
20450,15,4
4157,2,4
9602,4,4
14929,4,4
22401,22,4
11444,4,4
10013,4,4
20064,13,4
3737,1,1
11325,4,4
8629,4,4
8665,4,4
15443,7,4
2697,1,1
438,1,4
21072,18,4
18049,9,1
16558,8,4
7882,4,4
5107,2,4
23218,24,4
19007,10,1
11614,4,4
23605,25,4
2528,1,4
20451,15,4
3710,1,4
22158,21,4
3529,1,4
2220,1,1
12167,4,4
7019,4,4
19962,13,4
13577,4,4
5841,2,4
17986,9,4
7949,4,4
11020,4,4
20936,17,1
6270,3,4
21250,20,4
7513,4,4
4048,2,4
20214,13,4
19009,10,4
11762,4,4
22665,23,4
6529,4,4
2115,1,1
10687,4,4
3634,1,4
674,1,1
3501,1,1
15263,4,4
5610,2,4
251,0,4
10159,4,4
14703,4,4
16352,8,4
20935,17,4
9380,4,4
1450,1,1
5816,2,4
9619,4,4
8374,4,4
22949,24,4
12027,4,4
19381,12,4
5456,2,4
13691,4,4
22330,22,1
7672,4,4
19875,13,4
4028,2,4
13150,4,4
21878,20,4
16037,7,4
13229,4,4
9331,4,4
1256,1,1
14161,4,4
19679,13,4
11037,4,4
263,0,4
15081,4,4
22781,23,4
23238,24,4
21813,20,4
1097,1,4
10764,4,4
11570,4,4
22451,22,4
20694,16,4
17501,9,4
18194,9,4
16685,8,4
7047,4,4
18763,10,4
14690,4,4
16537,8,4
733,1,4
1065,1,4
5652,2,4
6705,4,4
7713,4,4
19553,12,4
12621,4,4
15584,7,4
18210,9,4
18831,10,4
17984,9,4
17348,9,4
16876,8,4
5496,2,4
23697,25,4
15266,4,4
17818,9,4
752,1,4
13314,4,4
2992,1,1
538,1,4
19327,11,4
1888,1,4
11416,4,4
10994,4,4
4447,2,4
5160,2,1
19858,13,4
2546,1,4
6027,2,4
22837,23,4
13474,4,4
9198,4,4
11191,4,4
23245,24,4
4442,2,4
18593,10,4
18828,10,4
4704,2,4
6231,3,4
7976,4,4
8944,4,4
7877,4,4
15469,7,4
829,1,1
16830,8,4
11790,4,4
3931,2,4
11229,4,4
19304,11,4
14677,4,4
23943,25,4
11822,4,4
1815,1,4
5371,2,4
12542,4,4
7547,4,4
20653,15,4
20194,13,4
290,0,4
5460,2,4
14784,4,4
3316,1,4
23096,24,4
7898,4,4
17217,9,4
8452,4,4
23660,25,4
15657,7,4
17344,9,4
9169,4,4
23553,25,4
224,0,4
10305,4,4
4345,2,4
16204,8,4
3274,1,1
6480,4,4
6944,4,4
75,0,4
12160,4,4
1504,1,4
8316,4,4
3018,1,1
6198,3,4
11752,4,4
17702,9,4
8020,4,4
13037,4,4
19757,13,4
3261,1,1
8361,4,4
23151,24,1
2981,1,1
8341,4,4
10501,4,4
22580,23,4
10316,4,4
7403,4,4
13315,4,4
16144,8,1
23420,25,4
22898,23,4
11165,4,4
22235,22,4
5343,2,2
2752,1,1
8285,4,4
12403,4,4
7695,4,4
20448,15,4
10059,4,4
18119,9,4
13504,4,4
9134,4,4
8965,4,4
964,1,1
708,1,4
168,0,4
10735,4,4
21902,20,4
22812,23,4
18411,9,4
5516,2,4
18260,9,4
17657,9,4
6195,3,4
433,1,1
5523,2,4
13661,4,4
24150,26,4
23319,25,4
7931,4,4
6674,4,4
15162,4,4
12051,4,4
13053,4,4
20408,15,4
1535,1,1
2878,1,4
23998,25,4
4084,2,4
14065,4,4
1272,1,1
17669,9,4
12752,4,4
23259,25,4
19443,12,4
21401,20,1
12400,4,4
8919,4,4
12272,4,4
10091,4,4
21340,20,4
6753,4,4
20734,16,4
15929,7,4
19388,12,4
13674,4,4
3874,1,1
16036,7,4
20594,15,4
5163,2,4
24043,25,4
12371,4,4
11628,4,4
4745,2,4
14528,4,4
11285,4,4
12798,4,4
11395,4,4
10349,4,4
15196,4,4
6664,4,4
4954,2,4
14198,4,4
12311,4,4
6267,3,4
7482,4,4
22523,22,4
19322,11,4
15616,7,4
5835,2,4
9685,4,4
8617,4,4
4220,2,4
10549,4,4
21863,20,4
6241,3,4
24067,25,4
4186,2,4
9614,4,4
14525,4,4
23292,25,4
15971,7,4
24164,26,4
23024,24,4
19303,11,4
245,0,4
8551,4,4
12805,4,4
20692,16,4
14123,4,4
20898,17,4
8852,4,4
17887,9,4
22183,22,4
308,0,4
16992,8,4
21849,20,4
11923,4,4
3489,1,1
16624,8,4
22487,22,4
17971,9,4
16123,8,4
22046,21,4
14987,4,4
15752,7,4
15974,7,4
8540,4,4
9124,4,4
4400,2,4
17138,9,4
20655,15,4
16444,8,4
18838,10,1
14167,4,4
6547,4,4
7870,4,4
11587,4,4
19249,11,4
5183,2,4
7476,4,4
19827,13,4
14112,4,4
21169,18,4
4286,2,4
22111,21,4
20760,16,4
2405,1,4
21167,18,4
15617,7,4
17716,9,4
17637,9,4
23065,24,4
15065,4,4
10325,4,4
22184,22,1
351,0,4
14604,4,4
15325,4,4
17964,9,4
3511,1,4
19088,11,4
10645,4,4
7964,4,4
13346,4,4
638,1,4
19789,13,4
17211,9,4
3147,1,4
5005,2,4
13497,4,4
2267,1,1
3929,2,4
18664,10,4
8951,4,4
22583,23,4
1166,1,1
22461,22,1
6545,4,4
15321,4,4
10981,4,4
23666,25,4
7104,4,4
12246,4,4
19455,12,4
6510,4,4
20302,14,4
8796,4,4
23676,25,4
24086,25,4
17321,9,1
7277,4,4
2332,1,1
16104,7,4
4519,2,4
3488,1,4
12263,4,4
12374,4,4
8139,4,4
3353,1,1
18165,9,4
720,1,4
13297,4,4
54,0,4
4413,2,4
12247,4,4
9056,4,4
9859,4,4
9153,4,4
18236,9,4
16852,8,4
22806,23,4
6328,3,4
11079,4,4
4322,2,4
20588,15,4
5871,2,4
5572,2,4
2325,1,4
10275,4,4
13405,4,4
15084,4,4
478,1,4
1371,1,1
16971,8,4
230,0,4
9483,4,4
13725,4,4
14067,4,4
2564,1,1
1205,1,1
19270,11,4
7738,4,4
18130,9,4
19017,10,4
13060,4,4
5325,2,2
12970,4,4
5706,2,4
21307,20,4
5405,2,4
16638,8,4
2350,1,1
6757,4,4
12044,4,4
194,0,4
14702,4,4
8889,4,4
18549,10,4
14832,4,4
10620,4,4
3296,1,1
14304,4,4
20081,13,4
5804,2,2
18727,10,4
22807,23,4
2927,1,1
6536,4,4
1870,1,1
18536,10,4
8196,4,4
17929,9,4
8443,4,4
14752,4,4
17651,9,4
5921,2,4
17231,9,4
586,1,4
13222,4,4
9299,4,4
17382,9,4
21234,19,4
3043,1,4
766,1,4
4296,2,4
23845,25,4
12214,4,4
513,1,1
10598,4,4
10425,4,4
15024,4,4
5658,2,1
22668,23,4
1911,1,1
23010,24,4
22200,22,1
4653,2,4
311,0,4
22666,23,4
19106,11,4
18804,10,4
1187,1,4
11771,4,4
7152,4,4
8748,4,4
12210,4,4
15602,7,4
13295,4,4
4104,2,4
23423,25,4
1347,1,1
22595,23,4
2930,1,4
19618,13,4
8857,4,4
4807,2,4
2075,1,1
12332,4,4
20255,13,4
5709,2,4
15370,4,4
20889,17,4
10920,4,4
24161,26,4
5999,2,4
12402,4,4
21438,20,4
14898,4,4
19281,11,4
13244,4,4
12943,4,4
2133,1,4
15420,7,4
14421,4,4
6423,4,4
3334,1,1
8797,4,4
7731,4,4
13797,4,4
826,1,4
15645,7,4
20833,17,4
14030,4,4
1144,1,4
20506,15,4
8332,4,4
1158,1,4
17595,9,4
10607,4,4
9037,4,4
23976,25,4
1302,1,1
13810,4,4
20965,17,4
24034,25,4
17440,9,4
8416,4,4
18252,9,4
22377,22,4
20904,17,4
5483,2,4
3106,1,1
8203,4,4
8538,4,4
21882,20,4
10318,4,4
8233,4,4
7318,4,4
14041,4,4
11712,4,4
12262,4,4
10906,4,4
20218,13,4
6672,4,4
23768,25,4
6626,4,4
19089,11,4
2893,1,4
8622,4,4
9845,4,4
22136,21,4
218,0,4
9453,4,4
23454,25,4
7405,4,4
8288,4,4
5576,2,4
2876,1,1
13101,4,4
12733,4,4
15794,7,4
3208,1,1
23046,24,4
19148,11,4
13735,4,4
11507,4,4
7339,4,4
6275,3,4
3115,1,1
17880,9,4
4489,2,4
12687,4,4
3941,2,4
4540,2,4
1604,1,4
8309,4,4
5312,2,1
8010,4,4
12307,4,4
962,1,4
5598,2,4
23438,25,4
10119,4,4
18468,9,1
17455,9,4
327,0,4
6309,3,4
14395,4,4
13164,4,4
9213,4,4
16003,7,4
10008,4,4
22100,21,4
2349,1,4
9209,4,4
12422,4,4
21285,20,4
19777,13,4
14610,4,4
618,1,4
11709,4,4
16765,8,1
20624,15,4
2457,1,4
20909,17,4
6418,4,4
6427,4,4
22457,22,4
20094,13,4
12011,4,4
3295,1,1
7888,4,4
18682,10,4
2403,1,1
20339,14,4
878,1,1
17700,9,4
2109,1,4
17900,9,4
12166,4,4
19027,10,4
22073,21,4
410,1,4
3899,1,1
5963,2,4
5853,2,4
19950,13,4
2189,1,4
16603,8,4
20140,13,4
21549,20,4
7003,4,4
5348,2,4
19183,11,4
8485,4,4
8362,4,4
6119,3,4
20332,14,4
22108,21,4
14867,4,4
19209,11,4
7439,4,4
18857,10,4
13020,4,4
4455,2,4
11697,4,4
10201,4,4
18080,9,4
19380,12,4
13868,4,4
15113,4,4
10321,4,4
6779,4,4
8310,4,4
20037,13,4
2319,1,4
9929,4,4
3062,1,1
6965,4,4
1006,1,4
22465,22,4
17994,9,4
15334,4,4
16710,8,4
2247,1,4
13556,4,4
11057,4,4
14720,4,4
23153,24,4
18340,9,4
8327,4,4
21496,20,4
6778,4,4
21226,19,4
3437,1,4
11024,4,4
7030,4,4
16202,8,4
1355,1,4
18570,10,4
16208,8,4
9092,4,4
17157,9,4
21944,20,4
4569,2,4
8119,4,4
22699,23,4
6667,4,4
11604,4,4
7706,4,4
4391,2,4
24187,26,4
23612,25,4
16714,8,4
3102,1,4
59,0,4
14164,4,4
17638,9,4
1163,1,4
22103,21,4
2458,1,1
22924,24,4
13309,4,4
13754,4,4
20100,13,4
10515,4,4
21088,18,4
19533,12,4
5332,2,4
15773,7,4
9690,4,4
9149,4,4
14548,4,4
3472,1,4
18842,10,4
14882,4,4
23689,25,4
18647,10,4
12827,4,4
14976,4,4
11399,4,4
12789,4,4
17393,9,4
20975,17,4
21087,18,4
610,1,1
9214,4,4
643,1,4
18469,9,4
4715,2,4
4788,2,4
23732,25,4
7628,4,4
13604,4,4
18989,10,4
21235,19,4
102,0,4
19844,13,4
11352,4,4
22718,23,4
21162,18,4
17233,9,4
20244,13,4
7800,4,4
11266,4,4
24153,26,4
15739,7,4
9002,4,4
17813,9,4
20335,14,4
360,0,4
6756,4,4
2910,1,4
13640,4,4
2199,1,4
16196,8,4
4139,2,4
3505,1,1
18535,10,4
18955,10,4
20962,17,4
9626,4,4
10443,4,4
23824,25,4
1522,1,4
17004,8,4
21297,20,4
22859,23,4
2182,1,4
3496,1,4
12957,4,4
20419,15,4
19131,11,4
15068,4,4
12758,4,4
7445,4,4
20612,15,4
15829,7,4
3375,1,4
2950,1,4
13138,4,4
15099,4,4
20952,17,4
2826,1,4
6151,3,4
13620,4,4
8034,4,4
7174,4,4
13278,4,4
13367,4,4
22134,21,4
6478,4,4
5391,2,4
20614,15,4
1796,1,4
20426,15,4
14248,4,4
23118,24,4
13019,4,4
15213,4,4
14652,4,4
8588,4,4
21220,19,4
22624,23,4
20680,16,4
7337,4,4
16272,8,4
9747,4,4
11038,4,4
21394,20,4
12398,4,4
13959,4,4
18847,10,4
9039,4,4
9960,4,4
5663,2,4
17693,9,4
10608,4,4
13512,4,4
8396,4,4
9376,4,4
7665,4,4
13989,4,4
14338,4,4
2799,1,4
2235,1,4
22448,22,1
6595,4,4
14088,4,4
23629,25,4
17459,9,4
7912,4,4
3214,1,1
13063,4,4
18034,9,4
15465,7,4
8013,4,4
6149,3,4
6120,3,4
14542,4,4
17060,8,4
4024,2,4
23111,24,4
11983,4,4
12553,4,4
5980,2,4
22188,22,4
9514,4,4
1748,1,1
584,1,1
17437,9,4
20745,16,4
5826,2,4
2644,1,4
2315,1,4
17999,9,4
13195,4,4
4504,2,2
4689,2,4
16735,8,4
4534,2,4
4013,2,4
20779,17,4
695,1,4
17712,9,4
1020,1,4
13188,4,4
7760,4,4
3518,1,1
7650,4,4
9897,4,4
21974,20,4
2712,1,4
14674,4,4
6070,3,4
22774,23,4
12774,4,4
6029,2,4
13985,4,4
11832,4,4
15878,7,4
10347,4,4
14913,4,4
6466,4,4
11153,4,4
9240,4,4
3947,2,4
14590,4,4
15807,7,4
4269,2,4
14340,4,4
22972,24,4
1624,1,1
8420,4,4
9409,4,4
9773,4,4
23230,24,4
5763,2,4
12457,4,4
12863,4,4
3122,1,4
18974,10,1
790,1,1
15766,7,4
499,1,4
7671,4,4
14682,4,4
335,0,4
19550,12,4
13789,4,4
19570,12,4
13533,4,4
2621,1,4
2112,1,4
14314,4,4
8727,4,4
14978,4,4
23688,25,4
16518,8,4
14968,4,4
3479,1,1
7107,4,4
22010,21,4
15178,4,4
18507,10,4
3615,1,4
2003,1,4
15528,7,4
15930,7,4
9963,4,4
4705,2,4
19367,11,4
16849,8,4
17838,9,4
20266,13,4
4072,2,4
22521,22,4
7113,4,4
1703,1,4
13253,4,4
17221,9,4
11579,4,4
9541,4,4
31,0,4
697,1,1
11265,4,4
22193,22,4
631,1,1
5551,2,4
12639,4,4
20121,13,4
18345,9,4
23436,25,4
22390,22,4
13182,4,4
4610,2,4
4978,2,4
3817,1,4
14661,4,4
8726,4,4
2900,1,1
17112,8,4
22143,21,4
15348,4,4
20838,17,4
13129,4,4
18683,10,4
16912,8,4
24138,25,4
3388,1,4
3310,1,1
24174,26,4
8686,4,4
21229,19,4
14639,4,4
9246,4,4
19587,13,4
3638,1,1
20781,17,4
12777,4,4
13976,4,4
115,0,4
17604,9,4
17982,9,4
2498,1,1
20189,13,4
17718,9,4
12584,4,4
13738,4,4
11769,4,4
1199,1,1
23311,25,4
15703,7,4
1692,1,4
23249,24,4
19289,11,4
8870,4,4
16119,7,1
11060,4,4
19036,10,1
8474,4,4
10726,4,4
18176,9,4
15467,7,4
15377,4,4
1608,1,4
7780,4,4
6580,4,4
6224,3,4
3015,1,1
15561,7,4
17564,9,4
2988,1,1
18906,10,4
7395,4,4
15150,4,4
1553,1,4
10071,4,4
5174,2,4
7667,4,4
1337,1,1
2480,1,1
22973,24,4
20598,15,4
11828,4,4
15404,7,4
8833,4,4
4772,2,4
22967,24,4
22741,23,4
6143,3,4
21019,17,4
14897,4,4
18264,9,4
17164,9,4
22363,22,1
12785,4,4
6814,4,4
4832,2,4
13064,4,4
3001,1,4
20373,14,4
5800,2,2
16686,8,4
5245,2,4
838,1,4
2444,1,4
15839,7,4
5090,2,4
16842,8,4
11428,4,4
12513,4,4
13995,4,4
2026,1,4
6095,3,4
10646,4,4
23592,25,4
3193,1,1
8583,4,4
239,0,4
1432,1,4
2028,1,4
19060,11,4
17790,9,4
5754,2,4
16664,8,4
12740,4,4
7568,4,4
19494,12,4
23626,25,4
715,1,1
4572,2,4
16711,8,4
17127,9,4
23459,25,4
10664,4,4
21254,20,1
4376,2,4
1929,1,4
8241,4,4
20958,17,1
16476,8,4
22938,24,4
20830,17,4
4271,2,4
23934,25,4
13123,4,4
17631,9,4
19820,13,4
19486,12,4
6136,3,4
8231,4,4
1362,1,1
19590,13,4
23945,25,4
21063,18,4
13741,4,4
14351,4,4
9070,4,4
21884,20,4
2277,1,1
21448,20,4
19954,13,4
16734,8,4
4641,2,4
1730,1,4
11209,4,4
13589,4,4
17178,9,1
22039,21,4
23369,25,4
20768,17,1
11521,4,4
20868,17,4
10873,4,4
10262,4,4
22549,23,4
22030,21,1
22639,23,4
13549,4,4
3468,1,4
14239,4,4
13169,4,4
21100,18,4
23145,24,4
18526,10,4
11201,4,4
6355,4,4
12268,4,4
22304,22,4
21827,20,4
14362,4,4
300,0,4
12456,4,4
2915,1,4
15350,4,4
18397,9,4
11791,4,4
20635,15,4
18987,10,4
1712,1,4
7216,4,4
16622,8,4
19585,13,4
16745,8,4
22632,23,4
17460,9,4
3078,1,1
16054,7,4
16085,7,4
3209,1,4
18807,10,4
22707,23,4
3623,1,1
12033,4,4
1078,1,1
5135,2,4
9720,4,4
439,1,1
20526,15,4
6934,4,4
4338,2,4
23944,25,4
21138,18,4
8304,4,4
19717,13,4
21343,20,4
21245,19,4
6899,4,4
18432,9,4
12294,4,4
17678,9,4
673,1,4
7627,4,4
4279,2,4
11527,4,4
23172,24,4
14712,4,4
21822,20,4
20156,13,4
9517,4,4
9057,4,4
13681,4,4
7998,4,4
13783,4,4
18736,10,4
18289,9,4
11505,4,4
18806,10,4
18596,10,4
17616,9,1
23147,24,4
4058,2,4
8729,4,4
16948,8,4
3461,1,1
977,1,4
23755,25,4
9403,4,4
6750,4,4
21589,20,1
15237,4,4
8460,4,4
21416,20,4
5359,2,4
8670,4,4
18825,10,4
20274,14,4
14070,4,4
8086,4,4
22354,22,4
22657,23,4
16705,8,4
88,0,4
3801,1,4
17882,9,4
11436,4,4
14965,4,4
8388,4,4
7534,4,4
23191,24,4
14732,4,4
13005,4,4
17707,9,4
5464,2,4
17399,9,4
19973,13,4
8064,4,4
12815,4,4
22766,23,4
22169,22,4
6717,4,4
14838,4,4
5394,2,4
7937,4,4
15059,4,4
11947,4,4
10012,4,4
7834,4,4
3458,1,1
19184,11,4
11243,4,4
3714,1,4
18607,10,4
8575,4,4
2305,1,4
12591,4,4
17342,9,4
10820,4,4
10930,4,4
23953,25,4
7668,4,4
22795,23,4
23036,24,4
18813,10,4
4463,2,4
23731,25,4
9635,4,4
1488,1,1
14587,4,4
17917,9,4
14279,4,4
17706,9,4
5388,2,4
10368,4,4
18737,10,4
19913,13,4
11933,4,4
3031,1,4
11651,4,4
576,1,1
21866,20,1
1053,1,1
9655,4,4
17871,9,4
22217,22,4
15393,7,4
16243,8,4
11500,4,4
19925,13,4
14237,4,4
15217,4,4
2177,1,4
11623,4,4
1835,1,1
20323,14,4
16233,8,4
13719,4,4
20200,13,1
8294,4,4
8037,4,4
17502,9,4
16533,8,1
18995,10,4
7708,4,4
9289,4,4
19427,12,4
817,1,1
15382,7,4
22406,22,1
20365,14,4
7655,4,4
5545,2,4
5979,2,4
4845,2,4
7542,4,4
2694,1,1
15209,4,4
3576,1,4
13094,4,4
12858,4,4
4516,2,4
2796,1,1
14727,4,4
4034,2,4
5597,2,4
72,0,4
1402,1,1
13459,4,4
23591,25,4
10333,4,4
6173,3,4
9970,4,4
17927,9,4
10299,4,4
9332,4,4
1325,1,4
8151,4,4
22019,21,4
11541,4,4
5339,2,4
10149,4,4
15276,4,4
7071,4,4
6494,4,4
13189,4,4
9564,4,4
2946,1,1
22447,22,4
6921,4,4
11097,4,4
19035,10,4
14487,4,4
3826,1,1
13706,4,4
188,0,4
17865,9,4
6662,4,4
4525,2,2
21795,20,4
15247,4,4
18703,10,4
11339,4,4
5026,2,2
9527,4,4
10429,4,4
3497,1,4
8827,4,4
2725,1,4
8922,4,4
9414,4,4
17646,9,4
12121,4,4
6918,4,4
18962,10,4
14186,4,4
15546,7,4
7809,4,4
10560,4,4
13684,4,4
13613,4,4
20444,15,4
2879,1,1
15380,4,4
10909,4,4
8441,4,4
12441,4,4
3263,1,4
2754,1,4
7763,4,4
3572,1,4
16939,8,4
18161,9,4
12606,4,4
15742,7,4
9669,4,4
4487,2,4
18364,9,4
9033,4,4
3926,2,4
13599,4,4
6501,4,4
19931,13,4
17419,9,4
22623,23,4
12628,4,4
3582,1,1
3434,1,1
15361,4,4
4462,2,4
11793,4,4
921,1,4
21784,20,4
4328,2,4
1470,1,1
1749,1,4
8354,4,4
17431,9,4
24111,25,1
23467,25,4
3162,1,4
6868,4,4
1731,1,4
7456,4,4
18355,9,1
16472,8,4
19526,12,4
8777,4,4
17521,9,1
21647,20,4
23390,25,4
15409,7,4
22070,21,4
15503,7,4
17683,9,4
14218,4,4
22734,23,4
4222,2,4
14149,4,4
22527,23,4
12961,4,4
22891,23,4
1258,1,4
10372,4,4
13047,4,4
12176,4,4
20163,13,4
10580,4,4
273,0,4
17855,9,4
15956,7,4
7901,4,4
20014,13,4
21802,20,4
3171,1,4
9725,4,4
18875,10,4
23909,25,4
15789,7,4
11464,4,4
21257,20,4
10739,4,4
8979,4,4
16178,8,4
2718,1,4
7417,4,4
6061,3,4
3887,1,4
16812,8,4
24190,26,4
11611,4,4
22779,23,4
4847,2,4
5333,2,4
12842,4,4
22296,22,4
20902,17,4
23293,25,4
16025,7,4
13152,4,4
23008,24,4
18269,9,4
6202,3,4
2237,1,4
12351,4,4
11300,4,4
6253,3,4
16804,8,4
5477,2,4
231,0,4
8497,4,4
11941,4,4
15973,7,4
20756,16,4
8206,4,4
16814,8,4
7615,4,4
21530,20,4
8710,4,4
13461,4,4
14602,4,4
3978,2,4
19520,12,4
17194,9,4
3425,1,1
22254,22,4
19122,11,4
23579,25,4
23016,24,4
9887,4,4
13916,4,4
17510,9,4
18470,9,4
2312,1,1
11852,4,4
14127,4,4
19251,11,4
19023,10,4
19804,13,4
23724,25,4
10982,4,4
13713,4,4
5549,2,4
4842,2,4
17762,9,4
23202,24,4
16528,8,4
13756,4,4
11034,4,4
3829,1,4
14988,4,4
22669,23,4
4199,2,4
14734,4,4
1722,1,1
18346,9,4
7603,4,4
11146,4,4
15672,7,4
16760,8,4
10676,4,4
8891,4,4
17496,9,4
1732,1,1
6011,2,4
23070,24,4
2848,1,1
18479,10,1
4602,2,4
3894,1,1
16497,8,4
9098,4,4
11148,4,4
21276,20,4
20800,17,4
16201,8,4
20799,17,4
23430,25,4
20325,14,4
4153,2,4
2943,1,1
19004,10,4
20604,15,4
9872,4,4
19997,13,4
14074,4,4
14217,4,4
16461,8,4
6013,2,4
6551,4,4
24155,26,4
22120,21,4
20988,17,4
13804,4,4
2301,1,4
23055,24,4
2998,1,1
11710,4,4
12279,4,4
379,0,4
19560,12,4
3950,2,4
10506,4,4
12344,4,4
10791,4,4
24175,26,4
18644,10,4
4509,2,4
927,1,4
23523,25,4
11055,4,4
18667,10,1
19654,13,4
9791,4,4
10448,4,4
399,1,1
7775,4,4
14992,4,4
5716,2,4
2503,1,1
12273,4,4
11946,4,4
23630,25,4
6498,4,4
4660,2,4
13484,4,4
24141,25,4
21514,20,4
13079,4,4
11222,4,4
11743,4,4
12559,4,4
13722,4,4
11100,4,4
20564,15,4
9400,4,4
11968,4,4
3697,1,4
8818,4,4
1011,1,1
8049,4,4
21990,21,4
12783,4,4
15082,4,4
2616,1,1
467,1,4
22264,22,1
6950,4,4
18903,10,4
10351,4,4
19365,11,4
23678,25,4
8247,4,4
14833,4,4
11682,4,4
21273,20,4
431,1,4
18930,10,4
22902,23,4
21543,20,4
18534,10,4
407,1,4
15705,7,4
6128,3,4
18455,9,4
9623,4,4
22993,24,1
13974,4,4
9440,4,4
651,1,1
15304,4,4
13651,4,4
177,0,4
3,0,4
21815,20,1
7536,4,4
21940,20,4
16067,7,4
16283,8,4
2392,1,4
14684,4,4
5915,2,4
18044,9,4
21694,20,4
20484,15,4
5244,2,4
19175,11,4
18008,9,4
21522,20,4
4914,2,4
23450,25,4
8129,4,4
12643,4,4
18276,9,4
42,0,4
15851,7,4
3570,1,1
15289,4,4
5584,2,4
4049,2,4
23471,25,4
795,1,1
396,1,1
13649,4,4
18153,9,4
21986,21,4
420,1,4
12813,4,4
316,0,4
18629,10,4
20915,17,4
12086,4,4
19638,13,4
21765,20,4
22476,22,4
14694,4,4
14782,4,4
21685,20,4
14608,4,4
17273,9,4
21457,20,4
2640,1,1
21550,20,4
13825,4,4
6607,4,4
5625,2,4
16058,7,4
21747,20,4
87,0,4
11018,4,4
20765,16,4
7658,4,4
23260,25,4
19592,13,4
12025,4,4
21854,20,4
17533,9,4
14498,4,4
15365,4,4
16470,8,4
18442,9,4
5953,2,4
23404,25,4
4241,2,4
2483,1,4
16695,8,4
23395,25,4
647,1,1
8574,4,4
22872,23,4
22519,22,1
14967,4,4
6145,3,4
9384,4,4
8840,4,4
17802,9,4
14428,4,4
11081,4,4
6846,4,4
8141,4,4
22957,24,4
6161,3,4
12290,4,4
23472,25,4
4074,2,4
4915,2,4
2702,1,4
22716,23,4
9254,4,4
21831,20,4
17035,8,4
21713,20,1
1694,1,1
14155,4,4
8404,4,4
2381,1,1
17131,9,4
22609,23,4
15204,4,4
16851,8,4
17995,9,4
7821,4,4
13486,4,4
8735,4,4
8781,4,4
3633,1,4
644,1,1
16595,8,4
13967,4,4
21132,18,4
19074,11,4
1153,1,1
23529,25,4
21630,20,4
5305,2,4
22216,22,4
2605,1,4
19836,13,4
15278,4,4
1869,1,4
12438,4,4
13672,4,4
17278,9,4
11264,4,4
11155,4,4
13729,4,4
17326,9,4
3912,1,1
1430,1,4
9807,4,4
13433,4,4
16366,8,4
22203,22,4
9936,4,4
16024,7,4
23054,24,4
19976,13,4
2326,1,4
11778,4,4
4921,2,4
18247,9,4
17976,9,4
19054,11,4
14192,4,4
13010,4,4
23801,25,4
11385,4,4
19422,12,4
10256,4,4
10836,4,4
20895,17,4
11976,4,4
10337,4,4
19705,13,4
471,1,1
7387,4,4
21909,20,4
7647,4,4
1771,1,1
6244,3,4
15746,7,4
3323,1,4
19202,11,4
17083,8,4
16893,8,4
21679,20,4
2117,1,1
23214,24,4
5762,2,4
8149,4,4
1162,1,4
6483,4,4
11945,4,4
8854,4,4
16114,7,4
17418,9,4
7893,4,4
1219,1,4
9140,4,4
22951,24,4
862,1,4
19693,13,4
15220,4,4
16274,8,4
5678,2,4
7341,4,4
19449,12,1
11994,4,4
11025,4,4
19186,11,4
7958,4,4
12437,4,4
4934,2,4
15079,4,4
17119,9,1
16612,8,4
18932,10,4
14136,4,4
15821,7,4
5352,2,4
16375,8,4
12822,4,4
4411,2,4
19886,13,4
18128,9,4
8299,4,4
17629,9,4
21426,20,4
1419,1,1
5888,2,4
20116,13,4
19231,11,4
7682,4,4
2703,1,1
21643,20,4
14403,4,4
6245,3,4
286,0,4
12429,4,4
9059,4,4
13717,4,4
10881,4,4
12609,4,4
293,0,4
24216,27,4
23810,25,4
13298,4,4
11238,4,4
17725,9,4
915,1,1
2728,1,1
24004,25,4
18079,9,4
9043,4,4
9801,4,4
10840,4,4
17539,9,4
8821,4,4
15788,7,4
1994,1,1
5416,2,4
12715,4,4
18666,10,4
23353,25,4
21203,18,4
4577,2,4
621,1,4
20129,13,4
10543,4,4
18448,9,1
4015,2,4
4453,2,2
9682,4,4
19085,11,4
18335,9,1
10869,4,4
12750,4,4
17179,9,4
8815,4,4
19772,13,4
18158,9,4
20512,15,4
19579,12,4
12532,4,4
10572,4,4
3237,1,4
17121,9,4
20596,15,4
20361,14,4
13822,4,4
116,0,4
15785,7,4
10039,4,4
17256,9,1
15536,7,4
2935,1,1
23431,25,4
11178,4,4
10755,4,4
3948,2,4
7676,4,4
2207,1,1
17676,9,4
9334,4,4
18229,9,4
5927,2,4
736,1,1
7503,4,4
3728,1,1
7293,4,4
10733,4,4
18385,9,4
450,1,4
15978,7,4
2066,1,4
7427,4,4
13197,4,4
1071,1,4
16373,8,4
1720,1,4
16065,7,4
20844,17,1
20665,15,4
23018,24,4
23323,25,4
11129,4,4
6781,4,4
17441,9,4
1237,1,4
18834,10,4
11942,4,4
23727,25,4
14989,4,4
10428,4,4
12138,4,4
15582,7,4
8292,4,4
41,0,4
10852,4,4
19511,12,4
22124,21,4
14303,4,4
10084,4,4
16381,8,4
2578,1,4
9544,4,4
18244,9,4
3474,1,4
6179,3,4
1123,1,4
4518,2,4
21501,20,4
11724,4,4
2223,1,1
19137,11,4
19441,12,4
23975,25,4
7660,4,4
17068,8,4
2585,1,4
18675,10,4
24180,26,4
9391,4,4
21405,20,4
21533,20,4
22791,23,4
19578,12,4
14206,4,4
3372,1,4
90,0,4
17549,9,4
9620,4,4
10466,4,4
7930,4,4
11854,4,4
20295,14,4
7739,4,4
19700,13,4
17048,8,4
6325,3,4
705,1,4
20097,13,4
9547,4,4
15400,7,4
21742,20,4
10030,4,4
8100,4,4
15532,7,4
2958,1,4
9224,4,4
18245,9,1
3248,1,4
8699,4,4
15181,4,4
10978,4,4
2566,1,1
9594,4,4
1086,1,1
2993,1,4
8614,4,4
4166,2,4
7955,4,4
2002,1,1
7348,4,4
9144,4,4
18968,10,1
16534,8,4
4779,2,4
17036,8,4
23721,25,4
18718,10,1
23521,25,4
7495,4,4
7753,4,4
19155,11,4
19577,12,4
5236,2,4
21524,20,4
5928,2,4
8616,4,4
9178,4,4
23194,24,4
23993,25,4
1866,1,4
20551,15,4
13665,4,4
10700,4,4
9419,4,4
5527,2,4
8608,4,4
3405,1,4
2286,1,1
3938,2,4
4989,2,4
836,1,1
23285,25,4
4850,2,4
15603,7,1
16647,8,4
5934,2,2
23542,25,4
5222,2,4
4113,2,4
5326,2,4
7125,4,4
20703,16,4
8725,4,4
21390,20,4
5749,2,4
24092,25,4
22969,24,4
19028,10,4
3481,1,4
6348,4,4
1357,1,4
17023,8,4
6880,4,4
4743,2,4
21319,20,4
5317,2,4
5743,2,4
3354,1,4
21061,18,4
1321,1,1
11717,4,4
13476,4,4
20985,17,4
20761,16,4
3485,1,4
18191,9,4
1905,1,1
4007,2,4
15730,7,4
18368,9,4
1133,1,4
19629,13,4
11888,4,4
12303,4,4
7724,4,4
14358,4,4
16355,8,1
3672,1,1
5525,2,2
3721,1,1
6824,4,4
20348,14,4
15865,7,4
15633,7,4
10505,4,4
1396,1,1
5617,2,4
6826,4,4
4154,2,4
17578,9,4
14236,4,4
21406,20,4
21671,20,4
1739,1,1
6049,3,4
8042,4,4
23381,25,4
11761,4,4
9962,4,4
19770,13,4
7167,4,4
12461,4,4
17610,9,4
261,0,4
4192,2,4
4548,2,4
20608,15,4
1305,1,1
11766,4,4
891,1,4
13927,4,4
2226,1,4
1323,1,4
22923,24,4
11786,4,4
18338,9,4
1838,1,1
22032,21,1
8525,4,4
24116,25,4
18862,10,4
13250,4,4
12304,4,4
387,0,4
6258,3,4
21991,21,1
11062,4,4
1358,1,1
23309,25,4
21183,18,4
5414,2,4
9061,4,4
2448,1,4
841,1,4
21239,19,4
16070,7,4
23352,25,4
22647,23,4
8132,4,4
13961,4,4
22115,21,4
20401,14,4
4446,2,4
8267,4,4
8607,4,4
5364,2,4
11564,4,4
11799,4,4
16730,8,4
4539,2,4
6239,3,4
140,0,4
23923,25,4
19970,13,4
19142,11,4
6815,4,4
21459,20,4
17291,9,4
13702,4,4
2065,1,4
8451,4,4
3376,1,4
1444,1,1
1372,1,4
2753,1,1
13205,4,4
8648,4,4
3335,1,1
17931,9,1
18200,9,4
19793,13,4
4609,2,4
7569,4,4
23473,25,4
19154,11,4
10479,4,4
20986,17,4
13286,4,4
505,1,4
13165,4,4
3836,1,4
1047,1,1
10594,4,4
22907,23,4
7117,4,4
20983,17,4
13106,4,4
8960,4,4
13361,4,4
22815,23,4
13714,4,4
18460,9,4
14475,4,4
10511,4,4
6036,3,4
12092,4,4
23979,25,4
9054,4,4
20499,15,4
19633,13,4
2906,1,4
12365,4,4
5277,2,4
18300,9,4
8862,4,4
5168,2,4
11386,4,4
9733,4,4
18985,10,4
5995,2,4
18583,10,4
18833,10,4
19197,11,4
16857,8,4
4325,2,4
16568,8,4
21026,17,4
7505,4,4
1705,1,4
2856,1,4
23418,25,4
16255,8,1
19241,11,4
476,1,4
20879,17,4
20256,13,4
6390,4,4
14221,4,4
17801,9,1
20096,13,4
10221,4,4
1479,1,1
10215,4,4
17645,9,4
21075,18,4
18599,10,4
14568,4,4
3493,1,4
1314,1,1
1833,1,1
2777,1,1
20688,16,4
11276,4,4
4904,2,2
553,1,1
5112,2,4
11388,4,4
11522,4,4
20741,16,1
17728,9,4
19922,13,4
13867,4,4
11420,4,4
1266,1,1
10246,4,4
23033,24,4
6532,4,4
23677,25,4
18518,10,4
3156,1,4
13898,4,4
20386,14,4
15389,7,1
8958,4,4
12704,4,4
3242,1,1
21574,20,4
18805,10,4
12811,4,4
5635,2,4
8442,4,4
5998,2,4
6091,3,4
11216,4,4
19026,10,4
17351,9,4
17246,9,1
8557,4,4
17281,9,4
1335,1,4
18419,9,4
2872,1,4
15030,4,4
7317,4,4
23874,25,4
12845,4,4
7447,4,4
12503,4,4
8165,4,4
1991,1,4
2536,1,4
6677,4,4
17701,9,4
22275,22,4
21302,20,4
12848,4,4
5170,2,4
14910,4,4
19110,11,4
21251,20,4
8642,4,4
19952,13,4
6803,4,4
13813,4,4
21551,20,4
7458,4,4
6830,4,4
21848,20,4
1101,1,4
19960,13,4
19405,12,4
4819,2,4
4441,2,2
6340,3,4
21914,20,4
15256,4,4
6462,4,4
1957,1,1
21705,20,4
18502,10,1
11203,4,4
21398,20,4
16488,8,4
10862,4,4
23341,25,4
5182,2,4
20782,17,1
3528,1,1
3025,1,4
10774,4,4
5917,2,2
20477,15,4
2699,1,1
3337,1,4
5916,2,4
810,1,4
16960,8,4
7558,4,4
14446,4,4
17767,9,4
4126,2,4
3011,1,4
10154,4,4
13400,4,4
13198,4,4
10101,4,4
9242,4,4
3336,1,1
9234,4,4
12506,4,4
8425,4,4
8113,4,4
18924,10,4
3803,1,1
20998,17,4
5195,2,4
23905,25,4
23126,24,4
2129,1,4
2414,1,4
2794,1,1
7525,4,4
21264,20,4
6906,4,4
592,1,4
22690,23,4
2684,1,1
21762,20,4
22196,22,4
8778,4,4
11702,4,4
1601,1,1
3965,2,4
5421,2,4
14493,4,4
6977,4,4
21048,18,4
18886,10,4
7884,4,4
16561,8,4
12203,4,4
20910,17,2
3415,1,4
8568,4,4
12405,4,4
169,0,4
11297,4,4
18198,9,4
11456,4,4
15205,4,4
18487,10,4
5253,2,4
14676,4,4
13781,4,4
14121,4,4
10166,4,4
23358,25,4
8849,4,4
21812,20,4
579,1,4
20795,17,1
2455,1,4
4808,2,4
18582,10,1
18646,10,4
137,0,4
5129,2,4
18531,10,4
8773,4,4
11728,4,4
17843,9,4
18986,10,4
18603,10,4
8116,4,4
11868,4,4
16150,8,4
9042,4,4
4337,2,4
1029,1,1
13022,4,4
11792,4,4
1112,1,4
20807,17,4
5459,2,4
3852,1,1
24200,26,4
14491,4,4
1397,1,1
10290,4,4
2918,1,1
